Customer ID,Age,Annual Income,Spending Score,Cluster,PCA1,PCA2
1,25,50000,39,2,-0.9801149585336242,0.3468851541189085
2,34,64000,81,0,0.9803806389480639,0.7392951634088785
3,22,32000,6,1,-2.4765020803697633,-0.21175334301846685
4,45,85000,77,3,2.391423145155634,-0.36202391069157763
5,36,58000,40,4,0.08481325479968979,-0.5124030638177428
